eod_ts,Dp,Ex,Mc,Rs,Ra,Os,Cs,Rp,Rm,Dc,La,Pf,Cp,Ds,fcal_ts,lcal_ts
2019-05-29 21:00:00,0.0,0.0,0.0,10.0,0.0,10.0,10.0,0.0,0.0,0.0,0.0,0.0,0.0,0.2976190476190476,2019-05-29 23:00:00.000,2020-08-24 17:34:42.793
2019-05-30 21:00:00,0.0,0.0,0.0,10.0,4.3005818589151055,10.0,10.0,0.0,0.0,0.0,0.0,0.9533927014307186,0.0,0.5865517108380157,2019-05-30 23:00:00.000,2020-08-24 17:34:42.793
2019-05-31 21:00:00,0.06666666666666668,0.05555555555555556,0.0,10.0,8.862430403735756,4.742647058823528,0.30927835051546393,0.0,0.0,0.0,0.0,6.137461031924131,0.8393916666033077,0.8927478299339351,2019-05-31 23:00:00.000,2020-08-24 17:34:42.793
2019-06-03 21:00:00,0.13333333333333333,0.11111111111111112,0.0,10.0,8.65359498006588,3.5870535714285703,0.8026315789473681,0.0,0.0,0.0,0.0,9.956007991793966,3.838284732945892,1.1909902131128882,2019-06-03 23:00:00.000,2020-08-24 17:34:42.793
2019-06-04 21:00:00,0.2,0.16666666666666669,0.0,10.0,9.203109889005978,5.395144628099174,2.198148148148148,0.0,0.0,0.0,0.0,9.990432673831029,1.9187073763555935,1.489827805865923,2019-06-04 23:00:00.000,2020-08-24 17:34:42.793
2019-06-05 21:00:00,0.26666666666666666,0.22222222222222224,0.0,10.0,9.560254935271557,6.689492753623187,5.34375,0.0,0.0,0.0,0.0,9.999999838823634,2.0136727123721148,1.7900460587616345,2019-06-05 23:00:00.000,2020-08-24 17:34:42.793
2019-06-06 21:00:00,0.3333333333333333,0.2777777777777778,0.0,10.0,9.560254935271557,7.145161290322582,5.984090909090908,0.0,0.0,0.0,0.0,9.999967505840873,1.7818053996707075,2.090809343407804,2019-06-06 23:00:00.000,2020-08-24 17:34:42.793
2019-06-07 21:00:00,0.4,0.33333333333333337,0.0,10.0,9.560254935271557,7.145161290322582,6.030555555555557,0.0,0.0,0.0,0.0,9.999937892140762,1.381092454001776,2.392261965424416,2019-06-07 23:00:00.000,2020-08-24 17:34:42.793
2019-06-10 21:00:00,0.4,0.33333333333333337,0.0,10.0,9.633261345090917,7.145161290322582,6.030555555555557,0.0,0.0,0.0,0.0,9.999946239617707,1.524564071231555,2.6944894922859772,2019-06-10 23:00:00.000,2020-08-24 17:34:42.793
2019-06-11 21:00:00,0.4666666666666667,0.3888888888888889,0.0,10.0,9.646437581144507,6.2944390480815935,6.030555555555557,0.0,0.0,0.0,0.0,9.999224518509433,1.4367074048138888,2.9972116299401828,2019-06-11 23:00:00.000,2020-08-24 17:34:42.793
2019-06-12 21:00:00,0.5333333333333333,0.4444444444444445,9.998005870691392,10.0,9.646437581144507,6.2944390480815935,6.2337299660029135,4.598679976593611,8.868467526937525,5.8089991180585185,8.736851084718712,9.99819814841902,1.45708552376005,3.3005970116441317,2019-06-12 23:00:00.000,2020-08-24 17:34:42.793
2019-06-13 21:00:00,0.5333333333333333,0.4444444444444445,7.808417193475454,10.0,9.677300835348086,6.591666666666668,6.2337299660029135,4.598679976593611,8.753426511036405,5.727599744275596,8.736851084718712,9.999185050378241,1.6028715661767745,3.604966778922221,2019-06-13 23:00:00.000,2020-08-24 17:34:42.793
2019-06-14 21:00:00,0.6,0.5,5.5934794816521665,9.6774461250086,9.713905602960589,6.300958391771858,6.3273809523809526,4.616632688340564,8.753426511036405,5.787355899776196,7.976968923465978,9.967479865992226,1.5789421715679304,3.909164764660321,2019-06-14 23:00:00.000,2020-08-24 17:34:42.793
2019-06-17 21:00:00,0.6666666666666666,0.5555555555555556,4.269861754121378,9.516443924533716,9.713905602960589,6.218290441176472,6.3273809523809526,4.616632688340564,8.753426511036405,5.787355899776196,7.850173391127268,9.954171939214332,1.5824673737302994,4.213919663817656,2019-06-17 23:00:00.000,2020-08-24 17:34:42.793
2019-06-18 21:00:00,0.7333333333333333,0.6111111111111109,4.048933880404639,9.426494352420086,9.71859220618984,6.218290441176472,6.3273809523809526,3.8009413775438268,8.753426511036405,5.990141812525119,7.606574672398348,9.997231963615958,1.7042783187064952,4.520455292591046,2019-06-18 23:00:00.000,2020-08-24 17:34:42.793
2019-06-19 21:00:00,0.7588143555187801,0.6323452962656501,6.0562351427960195,9.340203772699912,9.720264086648546,6.218290441176472,6.3273809523809526,3.8009413775438268,8.753426511036405,5.990141812525119,7.606574672398344,9.994179272366672,1.8258704272635036,4.8276255070648135,2019-06-19 23:00:00.000,2020-08-24 17:34:42.793
2019-06-20 21:00:00,0.7610466169301253,0.6342055141084378,7.970337006201742,9.269331606738419,9.780650230327891,7.861824642520765,7.131018968871594,5.091840111503455,8.497850094127376,5.977041426724727,7.778090338327845,9.997779164936867,1.933967626743052,5.135994845184187,2019-06-20 23:00:00.000,2020-08-24 17:34:42.793
2019-06-21 21:00:00,0.8627040459876071,0.7189200383230059,8.070326248257606,9.218354912532249,9.847180095844669,6.934491758241759,7.234862671660425,5.555490702913747,7.548536892415014,5.840260277496332,7.39671110007141,9.995005839048735,2.6388924452227784,5.444990688290164,2019-06-21 23:00:00.000,2020-08-24 17:34:42.793
2019-06-24 21:00:00,1.0,0.8333333333333334,7.911529890710592,8.959388531128917,9.857546313588347,7.110064935064934,6.802411616161617,5.311694465537734,7.8751292302941795,5.557999538678041,7.4866776673202065,9.997883366083226,3.3086188489078583,5.755209966922218,2019-06-24 23:00:00.000,2020-08-24 17:34:42.793
2019-06-25 21:00:00,1.0488755474781173,0.8740629562317644,8.004469713869259,8.737456965454857,9.877548131946305,7.362347858752817,7.1457104660045845,5.052482617215364,6.063772288912102,5.519148208180572,7.4866776673202065,9.997315147649669,3.251146634187572,6.066284336779888,2019-06-25 23:00:00.000,2020-08-24 17:34:42.793
2019-06-26 21:00:00,1.1333333333333333,0.9444444444444444,7.98389341884688,8.486127811449265,9.900823594514652,7.3408986814712,7.0894733044733025,5.1097275167800325,5.614485764106981,5.597073663762597,6.912951648924309,9.973550051125988,3.4586673034549804,6.377178442283109,2019-06-26 23:00:00.000,2020-08-24 17:34:42.793
2019-06-27 21:00:00,1.2,1.0,7.858595379272272,8.043431768802224,9.910507061903834,7.044834107498343,7.232692307692307,5.11566103353595,5.511853009754425,5.616605153878142,7.029078685558018,9.975170694605083,3.6544440078263283,6.688967732786464,2019-06-27 23:00:00.000,2020-08-24 17:34:42.793
2019-06-28 21:00:00,1.2666666666666666,1.0555555555555556,7.716958124626586,7.402437999926781,9.917499810712203,6.530483457419825,7.379571805006588,5.112209145450831,5.115615539386312,5.4025327399689695,7.029078685558021,9.986394586802447,3.759104579018009,7.001998736305004,2019-06-28 23:00:00.000,2020-08-24 17:34:42.793
2019-07-01 21:00:00,1.3333333333333333,1.1111111111111112,7.571658926015968,6.91878326637566,9.922459499466605,6.454148319491667,7.349343434343432,4.995022591617979,4.848097863173458,5.293333295110699,6.9540364061331,9.894149222533855,3.9987206213235766,7.3143659646746215,2019-07-01 23:00:00.000,2020-08-24 17:34:42.793
2019-07-02 21:00:00,1.4,1.1666666666666667,7.3862791252509785,6.462476071964253,9.926644646683195,6.372381759820101,7.364481391092129,4.958021354828782,4.791876790348264,5.260625328587364,6.985400495236268,9.97198392150625,4.0423374151873634,7.628672791709268,2019-07-02 23:00:00.000,2020-08-24 17:34:42.793
2019-07-03 21:00:00,1.4666666666666668,1.2222222222222223,7.4023970746180465,6.0946297357089945,9.930829954766788,6.314643534210374,7.628723170060539,4.8571844371969695,4.48646019315866,5.198035736881815,7.120030481610717,9.97460702107329,4.15793230894012,7.9439445143867955,2019-07-03 23:00:00.000,2020-08-24 17:34:42.793
2019-07-04 21:00:00,1.5333333333333332,1.2777777777777777,7.4327784327404975,5.774921092603232,9.932872607937776,6.396823292488144,7.566124530327428,4.840935082122914,4.481730142208142,5.18806766787541,7.12003048161072,9.972260394840722,4.254691460668165,8.260052127899668,2019-07-04 23:00:00.000,2020-08-24 17:34:42.793
2019-07-05 21:00:00,1.6,1.3333333333333337,7.247167885629783,5.490439299473358,9.937416384691453,6.3546931407942235,7.747931712110045,4.79038208671123,4.240113040603932,5.086814331793547,6.875861626051682,9.916646305131408,4.308839685484114,8.576039328053337,2019-07-05 23:00:00.000,2020-08-24 17:34:42.793
2019-07-08 21:00:00,1.6666666666666663,1.3888888888888888,7.028959156058433,5.2488069339139285,9.940946623086843,6.360322550221635,7.846135265700482,4.770585094134342,4.1926271696654895,5.0332232781375925,6.920711327329534,9.90132107616609,4.467285695959127,8.892678971654131,2019-07-08 23:00:00.000,2020-08-24 17:34:42.793
2019-07-09 21:00:00,1.7333333333333334,1.4444444444444446,6.8690848742664015,5.041273100308229,9.943969180160984,6.12143888498197,7.775311909262759,4.755274288617863,3.974443245528752,4.938943508841172,6.718005221664263,9.855200204107225,4.599183019055348,9.209667977029726,2019-07-09 23:00:00.000,2020-08-24 17:34:42.793
2019-07-10 21:00:00,1.8,1.5,6.696790755330527,4.856310294300644,9.948327443247845,6.360569344824035,7.793478260869565,4.613448302499287,3.7766970051274433,4.850827331320074,6.7645631041415655,9.917193042990027,4.708827487124173,9.528191812516996,2019-07-10 23:00:00.000,2020-08-24 17:34:42.793
2019-07-11 21:00:00,1.8666666666666667,1.5555555555555556,6.789066835311522,4.702412488919932,9.949806040687314,6.313390891940048,7.931787439613526,4.544990821436811,3.2767470157004475,4.415922767893322,6.763218074557196,9.910260195713844,4.912059608144411,9.84748367455981,2019-07-11 23:00:00.000,2020-08-24 17:34:42.793
2019-07-12 21:00:00,1.9333333333333331,1.6111111111111112,6.8106891866020645,4.565853808239696,9.95074159580787,6.195994908626387,7.894020810107765,4.505564517101928,3.3600090135342877,4.5328742034968865,6.763218074557201,9.92061060790035,4.987837228205208,10.167798918456198,2019-07-12 23:00:00.000,2020-08-24 17:34:42.793
2019-07-15 21:00:00,2.0,1.6666666666666667,6.8028155471419405,4.514589161043436,9.951575824870172,6.2658157602663715,7.88851332398317,4.51310670372502,3.4106906046299184,4.428326480695249,6.6995027426257305,9.932498930068213,5.017110325465298,10.489200235387953,2019-07-15 23:00:00.000,2020-08-24 17:34:42.793
2019-07-16 21:00:00,2.039732685952621,1.6997772382938512,6.837720797748933,4.468123281540484,9.952385786704404,6.335344199599343,7.826004993964249,4.510254488578086,3.621631623724398,4.523088258429447,6.741320362854369,9.937077259880404,5.026391042693467,10.811589163132785,2019-07-16 23:00:00.000,2020-08-24 17:34:42.793
2019-07-17 21:00:00,2.080760917453771,1.7339674312114757,6.88308229741283,4.425452707053205,9.953094957181461,6.366364748536808,7.7605958297252045,4.535663914526579,3.6848783377600087,4.57837688664054,6.7413203628543625,9.940344536424153,5.045964809463697,11.134955321329338,2019-07-17 23:00:00.000,2020-08-24 17:34:42.793
2019-07-18 21:00:00,2.118353436976804,1.7652945308140031,7.009490344296122,4.395809786357452,9.953300111755775,6.398502990451956,7.623522386231395,4.538657128009652,3.703572256504394,4.614919543369462,6.689314065302831,9.942822020163334,5.067545487214533,11.45929420546254,2019-07-18 23:00:00.000,2020-08-24 17:34:42.793
2019-07-19 21:00:00,2.127268775741165,1.772723979784304,7.103146290873628,4.372283813548433,9.953520897939086,6.416570488323183,7.585090346939953,4.538304055148654,3.7199654591842366,4.619230425043735,6.689314065302832,9.935058144289144,5.131757138591394,11.784393886580029,2019-07-19 23:00:00.000,2020-08-24 17:34:42.793
2019-07-22 21:00:00,2.144454658576417,1.7870455488136814,7.095454970673599,4.440334701508045,9.954153287777356,6.434298896342067,7.381356312553296,4.587834291431523,3.8825263490582995,4.738290366372142,6.6893140653028285,9.92633391393858,5.163215249747316,12.110242664330888,2019-07-22 23:00:00.000,2020-08-24 17:34:42.793
2019-07-23 21:00:00,2.193416898440789,1.827847415367324,7.083347350037452,4.5032293854536265,9.954675045721453,6.455609267626468,7.324078449905483,4.6062570839555494,3.9019449758341116,4.763166513067545,6.6893140653028285,9.914807218253307,5.198729877051077,12.436797039885356,2019-07-23 23:00:00.000,2020-08-24 17:34:42.793
2019-07-24 21:00:00,2.23401275859685,1.8616772988307084,7.087404057817043,4.5626357165778275,9.95490350435215,6.4582947074555905,7.353911414256243,4.619507058193928,3.9151695995214495,4.781497460857674,6.6893140653028285,9.919215321012294,5.233674117347066,12.764347537446591,2019-07-24 23:00:00.000,2020-08-24 17:34:42.793
2019-07-25 21:00:00,2.251971772974932,1.8766431441457765,7.0676693861803175,4.624759585438642,9.955455434284387,6.46016092440318,7.336429888235972,4.613501597257164,3.929583203449522,4.829299931684789,6.689314065302832,9.909631881159207,5.265721337033425,13.092644144813844,2019-07-25 23:00:00.000,2020-08-24 17:34:42.793
2019-07-26 21:00:00,2.29727314098023,1.9143942841501915,7.5638296429948095,4.705586006073464,9.95648690058543,6.442105600410098,7.205649195850928,4.616970716166997,3.9302235850038474,4.833462123589901,6.8467913537994045,9.9336895308477,5.301023880638624,13.422341944362573,2019-07-26 23:00:00.000,2020-08-24 17:34:42.793
2019-07-29 21:00:00,2.3836195157793787,1.986349596482816,8.687081353591063,4.7815166573529835,9.958137605286216,6.4707664683739905,7.235997075694523,4.616970716166997,3.9302235850038474,4.833462123589901,6.567354498844705,9.829530874493779,5.299506029592106,13.751308807185062,2019-07-29 23:00:00.000,2020-08-24 17:34:42.793
2019-07-30 21:00:00,2.4450509064499406,2.0375424220416183,8.907942030663586,4.858868906462925,9.958701956759931,6.4707664683739905,7.235997075694523,4.616970716166997,3.9550994862786664,4.839034346349455,6.5636625039976835,9.860516157381348,5.3297916253991,14.081564653617413,2019-07-30 23:00:00.000,2020-08-24 17:34:42.793
2019-07-31 21:00:00,2.4657765326268453,2.0548137771890382,8.952625985906966,4.935177294748717,9.959251393818695,6.429131526460195,7.188861008851294,4.620962619293363,4.018457609899288,4.862484013994734,6.0454761763585045,9.571233245041727,5.320900790840378,14.409891440503928,2019-07-31 23:00:00.000,2020-08-24 17:34:42.793
2019-08-01 21:00:00,2.4835345887855254,2.069612157321272,8.985517942573619,5.006999494956657,9.959909246431401,6.247282608695652,7.140453296703298,4.62357740288958,4.060904333826087,4.888040567395258,5.966526828780816,9.35392062280336,5.232866437069407,14.73755590585418,2019-08-01 23:00:00.000,2020-08-24 17:34:42.793
2019-08-02 21:00:00,2.506105255257717,2.0884210460480976,9.005927121278733,5.075339112242496,9.96006378799208,6.247282608695652,7.140453296703298,4.62357740288958,4.060904333826087,4.888040567395258,5.966526828780816,9.266040727746196,5.18452330519221,15.06542496795048,2019-08-02 23:00:00.000,2020-08-24 17:34:42.793
2019-08-05 21:00:00,2.511585182875113,2.0929876523959274,8.994978677792167,5.1515074498605875,9.960719482971555,6.211313756864605,7.129095407332853,4.62357740288958,4.067316971096513,4.890773828327544,6.264855164946223,9.376625079677744,5.162083763523551,15.394681125267775,2019-08-05 23:00:00.000,2020-08-24 17:34:42.793
2019-08-06 21:00:00,2.535099057171048,2.1125825476425404,9.008989107917598,5.223507534208556,9.961843255361767,6.211718738052639,7.106539810949764,4.620901929736187,4.082833919506179,4.902049663745802,6.259362002934853,9.352435923703258,5.185757291396613,15.724522053279927,2019-08-06 23:00:00.000,2020-08-24 17:34:42.793
2019-08-07 21:00:00,2.577608737918375,2.148007281598646,9.029165445842901,5.291841370922233,9.962062970717609,6.211718738052639,7.1045676178575805,4.611924272655717,4.082833919506179,4.903664012191026,6.729056432349634,9.57982342421653,5.204283251162541,16.056553951763576,2019-08-07 23:00:00.000,2020-08-24 17:34:42.793
2019-08-08 21:00:00,2.5861809842646046,2.1551508202205043,9.056050459665633,5.3566904706319125,9.962232260928475,6.166672122323093,7.084792402407329,4.5940569416930055,4.091780516920107,4.907859712335927,6.729056432349639,9.533356658178588,5.212875007813183,16.389011459290597,2019-08-08 23:00:00.000,2020-08-24 17:34:42.793
2019-08-09 21:00:00,2.5927691710251395,2.160640975854283,9.057525570549092,5.430665260250843,9.962847186206554,6.166672122323093,7.084792402407329,4.585347307404892,4.100504387040972,4.910169999712973,6.729056432349638,9.539269435324183,5.215805809771732,16.72231154697313,2019-08-09 23:00:00.000,2020-08-24 17:34:42.793
2019-08-12 21:00:00,2.619019149973809,2.182515958311508,9.045443562962166,5.510734909849253,9.96369675351571,6.195240736392693,7.085399190580324,4.5612357288610115,4.108625160334422,4.9128027014631295,6.729056432349642,9.516300479371631,5.230270521029554,17.05622327908138,2019-08-12 23:00:00.000,2020-08-24 17:34:42.793
2019-08-13 21:00:00,2.6544374202319516,2.212031183526627,9.010403286594824,5.587139644863526,9.966889913900804,6.274749854806035,7.157949849212555,4.419367705287,4.190407031966966,4.904173156942972,6.542489989932204,9.440331178363683,5.249171261292629,17.390328502594645,2019-08-13 23:00:00.000,2020-08-24 17:34:42.793
2019-08-14 21:00:00,2.8040658004922228,2.336721500410186,8.979367914340514,5.661187417523383,9.967891221989651,6.29805431249916,7.150148663554331,4.391371910649714,4.211696359070132,4.9075969024115595,6.542489989932209,9.486721728887314,5.276751695023589,17.725582373969438,2019-08-14 23:00:00.000,2020-08-24 17:34:42.793
2019-08-15 21:00:00,2.855164904679384,2.37930408723282,9.007546006850411,5.661187417523383,9.967891221989651,6.29805431249916,7.150148663554331,4.391371910649714,4.211696359070132,4.9075969024115595,6.542489989932209,9.470368375370093,5.220889126245312,18.061496909527506,2019-08-15 23:00:00.000,2020-08-24 17:34:42.793
2019-08-16 21:00:00,2.855164904679384,2.37930408723282,9.03714302409032,5.661187417523383,9.967891221989651,6.29805431249916,7.150148663554331,4.391371910649714,4.211696359070132,4.9075969024115595,6.542489989932209,9.468858760676216,5.2427528784290525,18.39807104257093,2019-08-16 23:00:00.000,2020-08-24 17:34:42.793
2019-08-19 21:00:00,2.855164904679384,2.37930408723282,9.065054720071297,5.661187417523383,9.967891221989651,6.29805431249916,7.150148663554331,4.391371910649714,4.211696359070132,4.9075969024115595,6.542489989932209,9.468858760676216,5.264618820033503,18.735303706401808,2019-08-19 23:00:00.000,2020-08-24 17:34:42.793
2019-08-20 21:00:00,2.855164904679384,2.37930408723282,9.09141832588423,5.661187417523383,9.967891221989651,6.29805431249916,7.150148663554331,4.391371910649714,4.211696359070132,4.9075969024115595,6.542489989932209,9.468858760676216,5.286486951357698,19.073193834322225,2019-08-20 23:00:00.000,2020-08-24 17:34:42.793
2019-08-21 21:00:00,2.855164904679384,2.37930408723282,9.116356859221678,5.661187417523383,9.967891221989651,6.29805431249916,7.150148663554331,4.391371910649714,4.211696359070132,4.9075969024115595,6.542489989932209,9.468858760676216,5.314637258438679,19.41174035963429,2019-08-21 23:00:00.000,2020-08-24 17:34:42.793
2019-08-22 21:00:00,2.855164904679384,2.37930408723282,9.14271746043776,5.731852293582722,9.967956364163626,6.29805431249916,7.150148663554331,4.391371910649714,4.211696359070132,4.9075969024115595,6.542489989932204,9.505457609142775,5.343800609068646,19.75137880030644,2019-08-22 23:00:00.000,2020-08-24 17:34:42.793
2019-08-23 21:00:00,2.8567059127733163,2.3805882606444304,9.165911755867516,5.798626195987096,9.967956364163626,6.29805431249916,7.150148663554331,4.391371910649714,4.211696359070132,4.9075969024115595,6.542489989932204,9.461483330014524,5.341717794123191,20.091426526488746,2019-08-23 23:00:00.000,2020-08-24 17:34:42.793
2019-08-26 21:00:00,2.8575330890306074,2.3812775741921737,9.187368750658893,5.863776793997908,9.967956364163626,6.295678396272205,7.150148663554331,4.391371910649714,4.211696359070132,4.9075969024115595,6.542489989932214,9.445599732112454,5.370381095769651,20.432101934320496,2019-08-26 23:00:00.000,2020-08-24 17:34:42.793
2019-08-27 21:00:00,2.858684875774153,2.382237396478461,9.207448149132855,5.906097149147266,9.967956364163626,6.295678396272205,7.150148663554331,4.385319448358898,4.211696359070132,4.909047748613424,6.542489989932204,9.462414651391503,5.399047260935753,20.77410741937535,2019-08-27 23:00:00.000,2020-08-24 17:34:42.793
2019-08-28 21:00:00,2.8636591677548315,2.3863826397956935,9.226379453949859,5.906097149147266,9.967956364163626,6.295678396272205,7.150148663554331,4.385319448358898,4.211696359070132,4.909047748613424,6.542489989932204,9.447097194179047,5.424643511694629,21.11631420520945,2019-08-28 23:00:00.000,2020-08-24 17:34:42.793
2019-08-29 21:00:00,2.8636591677548315,2.3863826397956935,9.2507565208234,5.960786478655777,9.968165276689612,6.30721004876791,7.179928933680895,4.379334871361031,4.225680379098938,4.913905444335135,6.542489989932214,9.433560112001723,5.45326788995333,21.45733318016801,2019-08-29 23:00:00.000,2020-08-24 17:34:42.793
2019-08-30 21:00:00,2.891276386798716,2.4093969889989304,9.276652758316919,6.013377574331107,9.968658791269032,6.3115014640065406,7.198986251118956,4.361780527939729,4.245594177665969,4.932966240917586,6.542489989932212,9.41489864719988,5.488804872933722,21.797879859693357,2019-08-30 23:00:00.000,2020-08-24 17:34:42.793
2019-09-02 21:00:00,2.9579787924381207,2.4649823270317675,9.291292933223897,6.064282369253178,9.968710265557638,6.295438042109961,7.222030876565494,4.356684556269789,4.245594177665969,4.934052695151082,6.542489989932211,9.392641502963217,5.531961117142742,22.033831345804707,2019-09-02 23:00:00.000,2020-08-24 17:34:42.793
2019-09-03 21:00:00,2.9636824502255728,2.4697353751879776,9.311685485552342,6.112045245256049,9.96925980565286,6.2030704080687675,7.250469146273482,4.291292460145497,4.28364441425067,4.9478993495873445,6.542489989932212,9.357374728541457,5.552489078846034,22.471745037527718,2019-09-03 23:00:00.000,2020-08-24 17:34:42.793
2019-09-04 21:00:00,3.0,2.5,9.333625295151988,6.158233380123948,9.970761751520817,6.048916937823774,7.199200893136013,4.2586218807157525,4.2656000249353285,4.951059241759701,6.542489989932204,9.588316825703238,5.5908062793307245,22.81330710160356,2019-09-04 23:00:00.000,2020-08-24 17:34:42.793
2019-09-05 21:00:00,3.066666666666667,2.5555555555555562,9.353171707624613,6.203133384259697,9.972509006359713,5.996533037033763,7.239459732162555,4.116504551749571,4.115060179803998,4.891165628724102,6.318387691930244,9.437611558192613,5.706507062825112,23.15290796087864,2019-09-05 23:00:00.000,2020-08-24 17:34:42.793
2019-09-06 21:00:00,3.1333333333333333,2.6111111111111107,9.34493770374765,6.246619170174941,9.974910164286552,6.045794462404911,7.241700927195837,4.010477620399183,4.078096591700206,4.887562130823549,5.823971133095857,9.440577988252684,5.635304265305921,23.493552564940046,2019-09-06 23:00:00.000,2020-08-24 17:34:42.793
2019-09-09 21:00:00,3.2,2.666666666666667,9.354837279303911,6.295285849496727,9.990028173298043,6.12391740734566,7.3822261906105195,3.9698645963184043,4.1014218056929765,4.8573490859627215,5.966925385338104,9.499293615068924,5.7363531850868705,23.835774399850845,2019-09-09 23:00:00.000,2020-08-24 17:34:42.793
2019-09-10 21:00:00,3.2666666666666666,2.7222222222222223,9.364745114430672,6.342475465467207,9.99016265357704,6.132041818978988,7.4019512471566244,3.9306334262199014,4.090631528030083,4.754946659554035,4.167738939911726,9.319267257284992,5.789599967687184,24.1764403252772,2019-09-10 23:00:00.000,2020-08-24 17:34:42.793
2019-09-11 21:00:00,3.333333333333333,2.7777777777777786,9.372506921147188,6.3882590558146335,10.0,6.168815963474977,7.348766016815782,3.931729055422963,4.11146393475943,4.723951663646952,4.18296162581326,9.117434168499663,5.829880007793415,24.52084267863629,2019-09-11 23:00:00.000,2020-08-24 17:34:42.793
2019-09-12 21:00:00,3.4,2.833333333333333,9.42079574034356,6.4377054762456885,10.0,6.203775715087862,7.475128269815209,3.9026944651761286,4.125717520109617,4.7674364776469265,4.1908816074663635,8.998825340118367,6.003492842943494,24.867371870232024,2019-09-12 23:00:00.000,2020-08-24 17:34:42.793
2019-09-13 21:00:00,3.466666666666667,2.8888888888888893,9.441312558178641,6.486091959668107,10.0,6.2162679970061925,7.608819949131982,3.9017440177826868,4.197438937106171,4.8749655454628185,4.227178932905911,8.929890379140883,6.127898532415621,25.2123508033117,2019-09-13 23:00:00.000,2020-08-24 17:34:42.793
2019-09-16 21:00:00,3.533333333333333,2.9444444444444446,9.413037662996354,6.533113220420384,10.0,6.260463442983856,7.616479082808663,3.937721529718053,4.184523924665705,4.901932048316384,3.923170047537981,8.830215572519023,6.2091283440654825,25.557802101378414,2019-09-16 23:00:00.000,2020-08-24 17:34:42.793
2019-09-17 21:00:00,3.6,3.0,9.397266287048211,6.579090397150269,10.0,6.306836778435593,7.762636093663776,3.9784955333954573,4.173077305272631,4.881838059934094,3.9231700475379734,9.069867355228457,6.3364530965644335,25.903998431224732,2019-09-17 23:00:00.000,2020-08-24 17:34:42.793
2019-09-18 21:00:00,3.6666666666666665,3.055555555555556,9.472295235270273,6.624024544569902,10.0,6.2552221071511385,7.874217633850565,4.030245629692256,3.9223939657849183,4.760114543744642,4.00838336881776,9.15264385471222,6.48350167413313,26.251754147522803,2019-09-18 23:00:00.000,2020-08-24 17:34:42.793
2019-09-19 21:00:00,3.733333333333333,3.111111111111111,9.440538015158923,6.662993984119553,10.0,6.30674691377134,7.894574500920411,4.045660543123302,3.9282682408500498,4.704697417706762,4.596560789521688,9.293022972178537,6.611034600395924,26.599747444591824,2019-09-19 23:00:00.000,2020-08-24 17:34:42.793
2019-09-20 21:00:00,3.8,3.1666666666666665,9.418547833950797,6.684804191994572,10.0,6.160820733994865,7.972169296658338,4.013236004416018,4.072487799033431,4.725803615864648,4.500323757750942,9.204962871978402,6.661580237069416,26.946948422253083,2019-09-20 23:00:00.000,2020-08-24 17:34:42.793
2019-09-23 21:00:00,3.8666666666666663,3.2222222222222223,9.428228727312172,6.706171607589768,10.0,6.210588059796076,7.900342880017978,3.8595054467642935,4.105383107628533,4.627795049509271,4.487303562689575,8.979788760205158,6.653597550489869,27.29699305317096,2019-09-23 23:00:00.000,2020-08-24 17:34:42.793
2019-09-24 21:00:00,3.9333333333333336,3.2777777777777786,9.44316900711105,6.72712248189685,10.0,6.18480931363033,7.860340658204758,3.849593934032134,4.087857716259634,4.610761065932309,4.417467395045342,8.831591437878446,6.668493645349102,27.549229470949715,2019-09-24 23:00:00.000,2020-08-24 17:34:42.793
2019-09-25 21:00:00,4.0,3.333333333333333,9.45413147970168,6.747545478143512,10.0,6.109187261479953,7.8836714147147475,3.7994387310365836,4.0470937124578334,4.571591524434359,4.2827462998845425,8.747976812619102,6.701089682670608,27.799676347994215,2019-09-25 23:00:00.000,2020-08-24 17:34:42.793
2019-09-26 21:00:00,4.066666666666666,3.388888888888889,9.436862032981244,6.768053871359746,10.0,6.094609667737006,7.886519130165329,3.779049675373884,4.1129334361705,4.611611886494356,4.235081426473759,8.770428630993424,6.686028326313591,28.053126768690053,2019-09-26 23:00:00.000,2020-08-24 17:34:42.793
2019-09-27 21:00:00,4.133333333333334,3.4444444444444446,9.440139614946617,6.787193212167104,10.0,5.953693634215885,7.8806387554621065,3.877012542149241,4.276576862875015,4.62672785657033,4.235081426473746,8.597129076627063,6.665688019274758,28.303720502792267,2019-09-27 23:00:00.000,2020-08-24 17:34:42.793
2019-09-30 21:00:00,4.2,3.5000000000000004,9.413925938091458,6.805817065193248,10.0,5.919842900557945,7.9138515739197155,3.8709470946487987,4.32907761290282,4.644902766937198,3.6889910011822766,7.956492713895384,6.669083062779842,27.822504446921553,2019-09-30 23:00:00.000,2020-08-24 17:34:42.793
2019-10-01 21:00:00,4.266666666666667,3.5555555555555562,9.367951756350019,6.823654188337885,10.0,5.94744892165362,7.953615033907639,3.8748620722358798,4.3067936528795405,4.7035099129702385,4.2417043488878345,8.279683239078478,6.638595659478848,28.177228352394884,2019-10-01 23:00:00.000,2020-08-24 17:34:42.793
2019-10-02 21:00:00,4.333333333333333,3.611111111111111,9.33566928167509,6.835574325691285,10.0,5.964112841937253,7.965981483624492,3.843166380526157,4.305520824955583,4.741451561120344,4.2612929055177675,8.478493748898828,6.686553192320634,29.04177459786768,2019-10-02 23:00:00.000,2020-08-24 17:34:42.793
2019-10-03 21:00:00,4.4,3.666666666666667,9.331678995697327,6.846922006966162,10.0,6.0696934707366195,8.167859567671353,3.7588035974161715,4.179375799979886,4.79435299065775,4.589436211306313,8.573390888561349,6.714492523466849,29.293789376006732,2019-10-03 23:00:00.000,2020-08-24 17:34:42.793
2019-10-04 21:00:00,4.466666666666667,3.7222222222222223,9.300291757235717,6.8576689653991405,10.0,6.119644927319469,8.136970066291486,3.772912645689885,4.193238357738153,4.890632681643213,4.0715051237792395,8.700333375298799,6.8535294155807085,29.545746869140377,2019-10-04 23:00:00.000,2020-08-24 17:34:42.793
2019-10-07 21:00:00,4.533333333333333,3.7777777777777777,9.27336141965367,6.867832217000887,10.0,6.089267529337069,8.141328499951781,3.78638814872509,4.180431990410387,4.911553610417858,4.111395819134641,8.349057716157937,6.928708865318532,29.591059535270766,2019-10-07 23:00:00.000,2020-08-24 17:34:42.793
2019-10-08 21:00:00,4.6,3.833333333333333,9.245909475034443,6.877243032677231,10.0,6.130294561377625,8.088717088739598,3.8433894999517024,4.147811377337393,4.733440035346549,4.09320554608542,8.560474177536408,6.980193447362199,30.046633218191054,2019-10-08 23:00:00.000,2020-08-24 17:34:42.793
2019-10-09 21:00:00,4.666666666666667,3.888888888888889,9.231731732733211,6.886106198408591,10.0,6.1247375332480605,8.094295912874376,3.8381714217337666,4.129018387248002,4.745283419113557,4.080855808662971,8.638477177226353,7.002542375962138,30.29947820789834,2019-10-09 23:00:00.000,2020-08-24 17:34:42.793
2019-10-10 21:00:00,4.733333333333333,3.9444444444444446,9.235345976980618,6.8944363981728305,10.0,6.100025144173317,8.18522171074933,3.8202249339313465,3.9898809301145937,4.681750260347945,4.340455299510365,8.88867525400702,7.006247323485176,30.554031462681586,2019-10-10 23:00:00.000,2020-08-24 17:34:42.793
2019-10-11 21:00:00,4.8,4.0,9.247174432033294,6.9022424506827855,10.0,6.0651189931925416,8.231995441925756,3.753867120131668,4.002113222964975,4.640946290457845,4.0981757973492865,8.987256988022086,7.0362230385821976,30.80991274731113,2019-10-11 23:00:00.000,2020-08-24 17:34:42.793
2019-10-14 21:00:00,4.866666666666667,4.055555555555556,9.252497087657982,6.909504760539683,10.0,6.069476351731403,8.311103242847741,3.6575640620954495,4.024524731567964,4.648629099917038,4.098175797349299,9.051524411192936,7.0298747664683034,31.066278818067488,2019-10-14 23:00:00.000,2020-08-24 17:34:42.793
2019-10-15 21:00:00,4.933333333333334,4.111111111111112,9.256780978657533,6.91623702406731,10.0,6.103430950312838,8.323314725815957,3.6887284512500034,4.021064596470275,4.62550040810189,4.098175797349311,8.964786050906891,7.0419724943353135,31.322713273630352,2019-10-15 23:00:00.000,2020-08-24 17:34:42.793
2019-10-16 21:00:00,5.0,4.166666666666667,9.252060686388932,6.922452342138313,10.0,6.128905957912066,8.388866910995581,3.7864513523860346,4.109229922959992,4.643104881012492,4.098175797349299,9.003157930108268,7.058365736333398,31.5802289501162,2019-10-16 23:00:00.000,2020-08-24 17:34:42.793
2019-10-17 21:00:00,5.066666666666666,4.222222222222221,9.255264131761802,6.9282116361884345,10.0,6.096368653738222,8.42531873991852,3.7727540881837336,4.100103139687769,4.603006292127881,4.116396434327567,8.988609340974309,7.084716971793259,31.83843304962504,2019-10-17 23:00:00.000,2020-08-24 17:34:42.793
2019-10-18 21:00:00,5.133333333333334,4.2777777777777795,9.252401195187453,6.9334662165923895,10.0,6.070387812032335,8.44115552908772,3.750815637295513,4.099157281066788,4.540649116043409,4.1559199886886535,8.98237251278008,7.056250644563197,32.09761413556389,2019-10-18 23:00:00.000,2020-08-24 17:34:42.793
2019-10-21 21:00:00,5.2,4.333333333333334,9.24779922231233,6.938182174575265,10.0,6.066407739804388,8.462910500127482,3.806249111357421,4.061522856929864,4.4840043824536915,4.208261110488116,8.92259429481969,7.058722912907528,32.356746612434456,2019-10-21 23:00:00.000,2020-08-24 17:34:42.793
2019-10-22 21:00:00,5.266666666666667,4.388888888888889,9.242035672620014,6.9427289948116755,10.0,6.085357241574769,8.484142048469495,3.838753389010377,4.055574501657935,4.470933091273851,4.197094135039873,8.933247610695338,7.054420874260715,32.61652064923677,2019-10-22 23:00:00.000,2020-08-24 17:34:42.793
2019-10-23 21:00:00,5.333333333333333,4.4444444444444455,9.234376743081892,6.94717111514217,10.0,6.025470057780697,8.486309827848633,3.8504339937812495,4.0641501422853334,4.474877674735573,4.522030570939363,9.027527270726738,7.076290718093363,32.87736169346756,2019-10-23 23:00:00.000,2020-08-24 17:34:42.793
2019-10-24 21:00:00,5.4,4.500000000000001,9.227663366815397,6.951538088693592,10.0,6.0513175770907335,8.469841933246192,3.760370573137629,4.1237492238163895,4.4548146924628655,4.721719715537279,9.074834513274727,7.108704067214543,33.141646697084155,2019-10-24 23:00:00.000,2020-08-24 17:34:42.793
2019-10-25 21:00:00,5.466666666666668,4.555555555555556,9.247660628886381,6.955852903111071,10.0,6.049678617443059,8.506723994379838,3.7864603301028734,4.143092720238935,4.468598990431539,5.093311904134465,9.037149691644867,7.159515768316635,33.40590117296154,2019-10-25 23:00:00.000,2020-08-24 17:34:42.793
2019-10-28 21:00:00,5.533333333333332,4.6111111111111125,9.276797891502062,6.960224724643263,10.0,6.007828807462731,8.523460689736602,3.787676026582276,4.159053413585847,4.448098395929972,5.554481162295428,9.156227206780548,7.313415906397452,33.67429232629499,2019-10-28 22:57:54.063,2020-08-24 17:34:42.793
2019-10-29 21:00:00,5.6,4.666666666666667,9.277422480840137,6.964653694814958,10.0,6.0514740278101735,8.500570183854705,3.817562119795365,4.186736790919345,4.388250897430006,4.167198872191362,9.413701287206948,7.34091167515954,33.9446063388266,2019-10-29 23:00:00.000,2020-08-24 17:34:42.793
2019-10-30 21:00:00,5.666666666666668,4.722222222222221,9.271365595939525,6.969190663191734,10.0,6.0400370630103515,8.493147368125811,3.785114281080302,4.234528625167544,4.326364333627146,4.284449984971124,9.391337832643726,7.377330483350988,34.21665937776116,2019-10-30 22:39:58.137,2020-08-24 17:34:42.793
2019-10-31 21:00:00,5.7333333333333325,4.777777777777779,9.263172917521052,6.977493646958992,10.0,6.042814587073545,8.501878424438324,3.7668184034818673,4.2474733087803935,4.345502565920179,4.498480522026462,9.430129737636028,7.381276069217121,34.48941358807408,2019-10-31 22:57:33.354,2020-08-24 17:34:42.793
2019-11-01 21:00:00,5.8,4.833333333333333,9.260002463977429,6.985611941200508,10.0,6.048021750298037,8.51515846952091,3.744494656890791,4.2512559374723775,4.3620180389378085,4.717819674828153,9.49209720820948,7.385762360664763,34.76390204052929,2019-11-01 23:00:00.000,2020-08-24 17:34:42.793
2019-11-04 22:00:00,5.866666666666667,4.888888888888889,9.254142972615554,6.993676018859102,10.0,6.04050653368588,8.513042011719046,3.752592843249989,4.259581259694,4.376836896274644,4.598965590964123,9.442727846859816,7.524210232025711,35.036898619029266,2019-11-04 23:37:08.238,2020-08-24 17:34:42.793
2019-11-05 22:00:00,5.933333333333334,4.9444444444444455,9.243656701258056,7.001929909538464,10.0,6.040011920159705,8.509186652577343,3.751855277043671,4.249813786935188,4.38031871984139,4.58838900166621,9.362943765331282,7.520773747664887,35.30922024228815,2019-11-05 23:39:06.048,2020-08-24 17:34:42.793
2019-11-06 22:00:00,6.0,5.0,9.229316991355633,7.010116341056446,10.0,6.0515216334406565,8.50271140623147,3.8265334583097337,4.211498366178209,4.3991703820253285,4.4954349342327315,9.402881057250458,7.543347835948143,35.58264853695788,2019-11-07 00:00:00.000,2020-08-24 17:34:42.793
2019-11-07 22:00:00,6.066666666666666,5.0555555555555545,9.217186729169553,7.022579045736004,10.0,6.072728021936812,8.513503444181268,3.821103673356148,4.197364799639853,4.412800731201335,4.426659441898188,9.263185779766683,7.581951455762441,35.85396174225849,2019-11-07 23:37:16.917,2020-08-24 17:34:42.793
2019-11-08 22:00:00,6.133333333333334,5.1111111111111125,9.200990402226244,7.0340691594895866,10.0,6.058271125915782,8.548550805899279,3.822866575072599,4.164659374414165,4.396373633729895,5.4057788558611035,9.153806835392826,7.721091876120568,36.123278353122295,2019-11-09 00:00:00.000,2020-08-24 17:34:42.793
2019-11-11 22:00:00,6.2,5.166666666666667,9.18204242831738,7.027740684173349,10.0,6.0682164136680035,8.556566616843575,3.809996849288331,4.136630409571824,4.405221722949107,5.001745600422809,9.06546321640802,7.744080523219403,36.39179218427946,2019-11-11 23:29:48.647,2020-08-24 17:34:42.793
2019-11-12 22:00:00,6.2666666666666675,5.222222222222221,9.163532030128254,7.014728346954708,10.0,6.06919069932868,8.545111605991465,3.809564253573352,4.113181770450644,4.40205455513013,4.835395179973982,8.796449424153101,7.970850558977514,36.65997187925004,2019-11-12 23:43:54.828,2020-08-24 17:34:42.793
2019-11-13 22:00:00,6.333333333333332,5.277777777777779,9.144941195012724,7.003730799716393,10.0,6.0620052236696305,8.540386851710528,3.7918159570911034,4.108630797317186,4.402086134573318,4.8483982929030445,8.395038771770926,8.097092401893168,36.930685418870155,2019-11-13 23:48:52.364,2020-08-24 17:34:42.793
2019-11-14 22:00:00,6.4,5.333333333333334,9.12820962906368,7.000102252005773,10.0,6.0541390706862686,8.538943135951412,3.742473870980261,4.173191052037418,4.269697765819903,4.843349260631207,7.953034831563017,8.120018680557463,37.20242986554728,2019-11-14 23:53:22.460,2020-08-24 17:34:42.793
2019-11-15 22:00:00,6.466666666666668,5.388888888888888,9.112993660578177,6.996623928585191,10.0,6.047749294524933,8.535274896163951,3.623398290256104,4.260644994182549,4.282762654305451,5.0967153327003185,7.77650580405446,8.107346892456293,37.47552235673471,2019-11-16 00:00:00.000,2020-08-24 17:34:42.793
2019-11-18 22:00:00,6.533333333333332,5.4444444444444455,9.097935545328637,6.993292589016329,10.0,6.038067860051327,8.551666378146718,3.5889855270068782,4.241846776064978,4.288932121648914,4.970000594138735,7.687772314666543,8.118788204856955,37.749955517481155,2019-11-19 00:00:00.000,2020-08-24 17:34:42.793
2019-11-19 22:00:00,6.6,5.5,9.078851734499397,6.989511127376177,10.0,6.056541126449512,8.57418219499512,3.5778592248440084,4.236025808912317,4.2912920989496115,5.052313554833117,8.209064683004648,8.136068193363787,38.02742867614674,2019-11-19 23:26:01.387,2020-08-24 17:34:42.793
2019-11-20 22:00:00,6.666666666666668,5.555555555555557,9.056921581142495,6.9886057102943875,10.0,6.071476592801861,8.55589744369611,3.631239015515384,4.23574619886882,4.337949174658283,4.671662228815032,8.31485362148734,8.114300200883289,38.30590986637257,2019-11-20 23:53:27.167,2020-08-24 17:34:42.793
2019-11-21 22:00:00,6.7333333333333325,5.6111111111111125,9.038177481318163,6.9877434771219376,10.0,6.06783109257185,8.566155197611558,3.631690216389038,4.251188131530227,4.3836356389008575,4.578937454596644,8.34583305156121,8.097740832865421,38.58388844131439,2019-11-21 23:56:28.390,2020-08-24 17:34:42.793
2019-11-22 22:00:00,6.8,5.666666666666668,9.019772714262492,6.996227843496072,10.0,5.960194274494553,8.564982372867124,3.6212301003345617,4.18830194068173,4.374284673567594,4.569595489934947,8.115426558634214,8.083691594250231,38.86031167521657,2019-11-23 00:00:00.000,2020-08-24 17:34:42.793
2019-11-25 22:00:00,6.866666666666667,5.722222222222222,9.00008901397911,7.004546346682376,10.0,5.9996000508972855,8.56959561648523,3.604967699759127,4.0556207043467145,4.345220553327676,4.536166481287699,7.5027525778983115,8.088060260681193,39.13546789086136,2019-11-25 23:39:34.630,2020-08-24 17:34:42.793
2019-11-26 22:00:00,6.933333333333334,5.777777777777778,8.977754092336848,7.006309898566661,10.0,5.975498481019643,8.56230931050362,3.5810748832851003,3.9931144452035374,4.3278319004019785,4.586561694359874,7.452085184563961,8.099556813578888,39.41041925738993,2019-11-26 23:47:07.480,2020-08-24 17:34:42.793
2019-11-27 22:00:00,7.0,5.833333333333334,8.959416444361288,7.0153248542439295,10.0,6.006157754949237,8.561101080399022,3.4502075904109604,3.955677261438901,4.2399877740997445,4.368666163611849,7.140544158091355,8.130111498958948,39.68127294234143,2019-11-28 00:00:00.000,2020-08-24 17:34:42.793
2019-11-28 22:00:00,7.066666666666666,5.888888888888888,8.942716242605021,7.0242257879579935,10.0,5.940594045854621,8.575821668758334,3.3728456903684987,3.942780075917234,4.197789384725532,4.42343467325364,7.262447599457986,8.124608310408124,39.94720328116825,2019-11-29 00:00:00.000,2020-08-24 17:34:42.793
2019-11-29 22:00:00,7.133333333333334,5.9444444444444455,8.925302384530482,7.033011728467045,10.0,5.868424223447788,8.582925467383328,3.4323942755563293,4.031225236780188,4.0669023118378815,4.358361995431927,7.366061520647385,8.154059472067884,40.218636313084595,2019-11-30 00:00:00.000,2020-08-24 17:34:42.793
2019-12-02 22:00:00,7.2,6.0,8.910117334280176,7.0417031459737895,10.0,5.903104415829438,8.602938687749287,3.4372842374787904,4.07412719584856,4.0359341823051285,4.1910990924803615,7.738687228136039,8.168529915674748,40.49297550197585,2019-12-03 00:00:00.000,2020-08-24 17:34:42.793
2019-12-03 22:00:00,7.2666666666666675,6.0555555555555545,8.895641472140325,7.044065873722007,10.0,5.981112150291848,8.595948812389196,3.4199565813329973,4.045368548729863,4.0729553179301,4.617736808980586,8.48545445504846,8.222522815692269,40.77253602238105,2019-12-03 23:19:29.900,2020-08-24 17:34:42.793
2019-12-04 22:00:00,7.333333333333332,6.111111111111112,8.879595771869882,7.046545273512112,10.0,6.040804739231048,8.586474969443103,3.4447791717250453,4.029910588856291,4.046190823238039,5.005440557622805,8.23005610059287,8.467090143588976,41.049469289096244,2019-12-04 23:36:25.624,2020-08-24 17:34:42.793
2019-12-05 22:00:00,7.4,6.166666666666668,8.8602080104265,7.045573485418784,10.0,6.0620363147994185,8.601132079100624,3.261808405601112,4.150952220983772,4.028652934635167,5.125177940886917,8.073230654487734,8.541606605635142,41.32688437793085,2019-12-05 23:47:32.177,2020-08-24 17:34:42.793
2019-12-06 22:00:00,7.466666666666668,6.222222222222222,8.844764231988082,7.033372795648536,10.0,6.044783391627642,8.580621675694987,3.2259931364702688,4.1292587106269085,4.0530044021501626,5.129730342017157,8.212462356035385,8.788940640243522,41.60035173151286,2019-12-07 00:00:00.000,2020-08-24 17:34:42.793
2019-12-09 22:00:00,7.533333333333332,6.277777777777778,8.826661276403474,7.035604694896202,10.0,6.035558322117829,8.571361809058704,3.2328790479558154,4.112460813511162,4.046871973308777,5.096724922408414,7.848978355998801,8.819734693935127,41.87728736279242,2019-12-09 23:32:33.133,2020-08-24 17:34:42.793
2019-12-10 22:00:00,7.6,6.333333333333332,8.802555186521056,7.035526699203126,10.0,6.069010275181759,8.566255469228981,3.273449084077414,3.944741415855076,4.057600328817782,4.996614931341293,8.14402424348775,8.955023083733037,42.158058942290566,2019-12-10 23:32:33.498,2020-08-24 17:34:42.793
2019-12-11 22:00:00,7.666666666666668,6.388888888888888,8.77592428176131,7.020291553890028,10.0,6.067420677081465,8.582862355245137,3.332863639044861,3.838008145559592,3.9776533842790935,4.9602740289486125,8.397916545908329,9.017621561677993,42.43925995904261,2019-12-11 23:27:46.270,2020-08-24 17:34:42.793
2019-12-12 22:00:00,7.7333333333333325,6.4444444444444455,8.759180139379321,6.997560507704241,10.0,6.046266439882803,8.592649981868433,3.38117663103719,3.6284818077699215,3.9432103390653337,4.569201774963089,8.619792857357007,9.068010263883206,42.72154610316817,2019-12-12 23:06:12.592,2020-08-24 17:34:42.793
2019-12-13 22:00:00,7.8,6.5,8.7624884392152,6.97534938251575,10.0,6.049528341221823,8.617357124805086,3.1822519010519685,3.1816503361770314,4.060295623943616,6.419611191028284,8.680652512276092,9.115817760899851,43.003145768509455,2019-12-14 00:00:00.000,2020-08-24 17:34:42.793
2019-12-16 22:00:00,7.866666666666667,6.555555555555557,8.774035690553124,6.953661272785574,10.0,6.044225487732723,8.631854047266778,3.0113161560785335,2.8006377186027107,3.958159883157681,6.1876708725816725,8.541664873068841,9.08123144029038,43.28238403828945,2019-12-16 23:02:21.237,2020-08-24 17:34:42.793
2019-12-17 22:00:00,7.933333333333334,6.6111111111111125,8.790658426596291,6.932485387409725,10.0,5.993472704504329,8.612879869556702,2.933656544669539,2.5911772719852206,3.9088888567629714,6.087615484668027,8.33085003802963,9.039615135023444,43.56016527801421,2019-12-17 23:18:34.097,2020-08-24 17:34:42.793
2019-12-18 22:00:00,8.0,6.666666666666668,8.799797380133617,6.914516868235259,10.0,5.979113969368494,8.618782826148601,2.9634500900916967,2.219221966412144,3.8976816188416894,5.823221970901563,8.239606720957207,9.109063047104076,43.8377837326781,2019-12-18 22:46:19.410,2020-08-24 17:34:42.793
2019-12-19 22:00:00,8.066666666666666,6.722222222222222,8.798625547982944,6.896978848066111,10.0,5.951137511626703,8.630543497330464,3.0051695602975377,2.083647597783132,3.918090948804237,5.368732254432081,7.981314522880663,9.109876640933981,44.11556872578578,2019-12-19 23:01:59.042,2020-08-24 17:34:42.793
2019-12-20 22:00:00,8.133333333333333,6.777777777777778,8.804160873577594,6.879887612939857,10.0,5.903798634897106,8.655550827910831,3.0035743637248977,2.086475307273286,3.906375601454953,5.08395767312812,7.934396958258549,9.171009018232722,44.3942849793431,2019-12-21 00:00:00.000,2020-08-24 17:34:42.793
2019-12-23 22:00:00,8.2,6.833333333333332,8.816321771601592,6.86325151852648,10.0,5.874382282268118,8.67857456631446,2.9436765367253517,1.9611574018011848,3.876613981345269,4.948021024827159,7.621761153154813,9.161087485920246,44.670334898455714,2019-12-23 23:02:59.054,2020-08-24 17:34:42.793
2019-12-24 22:00:00,8.266666666666667,6.888888888888889,8.836272183840883,6.846906606913339,10.0,5.819684990714723,8.681209468629882,2.7825188790219806,1.7896294301403295,3.7121875996322258,4.694507952915205,7.3887766063407145,9.155031875821892,44.94665557604554,2019-12-25 00:00:00.000,2020-08-24 17:34:42.793
2019-12-26 22:00:00,8.333333333333334,6.9444444444444455,8.854461952000793,6.830819069472209,10.0,5.794108034490956,8.702534493887342,2.7155609724024856,1.7230456742903535,3.6934068755325,4.079219342120951,7.097966492235103,9.222262267788762,45.21774862672314,2019-12-26 23:00:51.548,2020-08-24 17:34:42.793
2019-12-27 22:00:00,8.4,7.000000000000001,8.872716808559279,6.814973811110418,10.0,5.781170007502464,8.696512025168625,2.5024846761484008,1.2750897493562094,3.8210013728369416,3.4121442524558097,6.998907229670378,9.235362729635735,45.491087867237596,2019-12-28 00:00:00.000,2020-08-24 17:34:42.793
2019-12-30 22:00:00,8.466666666666667,7.055555555555557,8.888835533175245,6.8118457836759045,10.0,5.753052994663825,8.712395811546813,2.365381528417788,1.2717046542062695,3.7881552478956775,2.4998660975576508,6.911416017134331,9.38636698453001,45.765077915882685,2019-12-30 23:13:30.132,2020-08-24 17:34:42.793
2019-12-31 22:00:00,8.533333333333333,7.1111111111111125,8.88713002847455,6.808715290032272,10.0,5.815819823475684,8.718019210138513,2.3776245666702254,1.5134819516644449,3.8105931180970254,2.458088883586809,7.316117996892762,9.368168726878991,46.042201134663,2020-01-01 00:00:00.000,2020-08-24 17:34:42.793
2020-01-02 22:00:00,8.6,7.166666666666668,8.890849494067002,6.815109929948938,10.0,5.856121049517098,8.709530439021352,2.3713896895473643,1.4548641465580316,3.691329385946801,2.326909557128167,8.045855482097457,9.30594604757973,46.31806037481704,2020-01-02 22:56:48.378,2020-08-24 17:34:42.793
2020-01-03 22:00:00,8.666666666666666,7.222222222222222,8.893871443354008,6.824626457512081,10.0,5.793520486015514,8.723474128918472,2.3713896895473643,1.497439488004516,3.707502615297864,2.326909557128167,7.705058143797699,9.350091659790767,46.5950394325312,2020-01-04 00:00:00.000,2020-08-24 17:34:42.793
2020-01-06 22:00:00,8.733333333333333,7.277777777777778,8.89719687143,6.850662039544267,10.0,5.764327063454251,8.732406370705979,2.3478802868527584,1.450703776337626,3.703390421742956,2.326909557128167,7.716605610348978,9.430487442436597,46.872293457465446,2020-01-06 22:56:26.676,2020-08-24 17:34:42.793
2020-01-07 22:00:00,8.8,7.333333333333334,8.904359289347008,6.876414617787021,10.0,5.7462132378850095,8.721503034725728,2.471741491697856,1.3974308768830526,3.749720026366607,2.326909557128167,7.708631650597747,9.441234903058556,47.14825503644104,2020-01-07 22:57:43.016,2020-08-24 17:34:42.793
2020-01-08 22:00:00,8.866666666666667,7.388888888888888,8.91141780783331,6.876414617787021,10.0,5.7328278244346516,8.734016551569864,2.5027480509668183,1.3910555987785755,3.762342624266144,2.326909557128167,7.6595158342850125,9.486326597073669,47.423413934788655,2020-01-08 22:56:56.424,2020-08-24 17:34:42.793
2020-01-09 22:00:00,8.866666666666667,7.388888888888888,8.921551027592812,6.876414617787021,10.0,5.7328278244346516,8.721738874520454,2.5027480509668183,1.3910555987785755,3.762342624266144,2.326909557128167,7.596945371587812,9.638387168408672,47.69706956671211,2020-01-09 23:09:51.427,2020-08-24 17:34:42.793
2020-01-10 22:00:00,8.866666666666667,7.388888888888888,8.931500841026587,6.876414617787021,10.0,5.7328278244346516,8.721738874520454,2.5027480509668183,1.3910555987785755,3.762342624266144,2.326909557128167,7.596945371587812,9.6842150536554,47.969733538123634,2020-01-11 00:00:00.000,2020-08-24 17:34:42.793
2020-01-13 22:00:00,8.866666666666667,7.388888888888888,8.941272069798766,6.876414617787021,10.0,5.7328278244346516,8.709719438342269,2.5027480509668183,1.3910555987785755,3.762342624266144,2.326909557128167,7.596945371587812,9.865055230609537,48.24198315515167,2020-01-13 23:08:01.856,2020-08-24 17:34:42.793
2020-01-14 22:00:00,8.866666666666667,7.388888888888888,8.950869372117726,6.876414617787021,10.0,5.7328278244346516,8.699431080309367,2.5027480509668183,1.3910555987785755,3.762342624266144,2.326909557128167,7.596945371587812,10.0,48.51411708155385,2020-01-14 23:04:23.156,2020-08-24 17:34:42.793
2020-01-15 22:00:00,8.866666666666667,7.388888888888888,8.960297249420547,6.876414617787021,10.0,5.7328278244346516,8.699431080309367,2.5027480509668183,1.3910555987785755,3.762342624266144,2.326909557128167,7.596945371587812,10.0,48.78613710712923,2020-01-15 22:53:41.247,2020-08-24 17:34:42.793
2020-01-16 22:00:00,8.866666666666667,7.388888888888888,8.969560052741974,6.876414617787021,10.0,5.7328278244346516,8.703364793278148,2.5027480509668183,1.3910555987785755,3.762342624266144,2.326909557128167,7.596945371587812,10.0,49.058318931664886,2020-01-16 22:55:15.082,2020-08-24 17:34:42.793
2020-01-17 22:00:00,8.866666666666667,7.388888888888888,8.97866198878451,6.876414617787021,10.0,5.7328278244346516,8.703364793278148,2.5027480509668183,1.3910555987785755,3.762342624266144,2.326909557128167,7.596945371587812,10.0,49.33058445899643,2020-01-18 00:00:00.000,2020-08-24 17:34:42.793
2020-01-20 22:00:00,8.866666666666667,7.388888888888888,8.987607125705336,6.876414617787021,10.0,5.7328278244346516,8.703364793278148,2.5027480509668183,1.3910555987785755,3.762342624266144,2.326909557128167,7.596945371587812,10.0,49.602774402280616,2020-01-20 22:45:46.506,2020-08-24 17:34:42.793
2020-01-21 22:00:00,8.866666666666667,7.388888888888888,8.996399398634768,6.876414617787021,10.0,5.7328278244346516,8.693747057454685,2.5027480509668183,1.3910555987785755,3.762342624266144,2.326909557128167,7.596945371587812,10.0,49.875154343071536,2020-01-21 22:58:59.417,2020-08-24 17:34:42.793
2020-01-22 22:00:00,8.866666666666667,7.388888888888888,9.005042614940274,6.876414617787021,10.0,5.7328278244346516,8.693747057454685,2.5027480509668183,1.3910555987785755,3.762342624266144,2.326909557128167,7.596945371587812,10.0,50.005799888811595,2020-01-22 23:00:26.944,2020-08-24 17:34:42.793
2020-01-23 22:00:00,8.866666666666667,7.388888888888888,9.013540459249144,6.876414617787021,10.0,5.7328278244346516,8.693747057454685,2.5027480509668183,1.3910555987785755,3.762342624266144,2.326909557128167,7.596945371587812,10.0,50.13853923340628,2020-01-23 22:51:37.037,2020-08-24 17:34:42.793
2020-01-24 22:00:00,8.866666666666667,7.388888888888888,9.021896498242194,6.876414617787021,10.0,5.7328278244346516,8.693747057454685,2.5027480509668183,1.3910555987785755,3.762342624266144,2.326909557128167,7.596945371587812,10.0,50.270342134340154,2020-01-25 00:00:00.000,2020-08-24 17:34:42.793
2020-01-27 22:00:00,8.866666666666667,7.388888888888888,9.03011418523034,6.876414617787021,10.0,5.7328278244346516,8.690924913936204,2.5027480509668183,1.3910555987785755,3.762342624266144,2.326909557128167,7.596945371587812,10.0,50.40534944898677,2020-01-27 23:02:17.031,2020-08-24 17:34:42.793
2020-01-28 22:00:00,8.866666666666667,7.388888888888888,9.038196864524961,6.876414617787021,10.0,5.7328278244346516,8.690924913936204,2.5027480509668183,1.3910555987785755,3.762342624266144,2.326909557128167,7.596945371587812,10.0,50.50045529442901,2020-01-28 23:00:12.826,2020-08-24 17:34:42.793
2020-01-29 22:00:00,8.866666666666667,7.388888888888888,9.046147775612562,6.876414617787021,10.0,5.7328278244346516,8.690924913936204,2.5027480509668183,1.3910555987785755,3.762342624266144,2.326909557128167,7.596945371587812,10.0,50.42101068368914,2020-01-29 22:54:58.917,2020-08-24 17:34:42.793
2020-01-30 22:00:00,8.866666666666667,7.388888888888888,9.05397005714361,6.876414617787021,10.0,5.7328278244346516,8.685319582724674,2.5027480509668183,1.3910555987785755,3.762342624266144,2.326909557128167,7.596945371587812,10.0,50.381889265029066,2020-01-30 23:06:23.125,2020-08-24 17:34:42.793
2020-01-31 22:00:00,8.866666666666667,7.388888888888888,9.061666750744834,6.876414617787021,10.0,5.7328278244346516,8.682536091111468,2.5027480509668183,1.3910555987785755,3.762342624266144,2.326909557128167,7.596945371587812,10.0,50.23774969974128,2020-02-01 00:00:00.000,2020-08-24 17:34:42.793
2020-02-03 22:00:00,8.866666666666667,7.388888888888888,9.069240804663792,6.876414617787021,10.0,5.7328278244346516,8.682536091111468,2.5027480509668183,1.3910555987785755,3.762342624266144,2.326909557128167,7.596945371587812,10.0,50.544700907983845,2020-02-03 23:02:55.135,2020-08-24 17:34:42.793
2020-02-04 22:00:00,8.866666666666667,7.388888888888888,9.076695077254056,6.876414617787021,10.0,5.7328278244346516,8.682536091111468,2.5027480509668183,1.3910555987785755,3.762342624266144,2.326909557128167,7.596945371587812,10.0,50.963973268619824,2020-02-04 22:56:48.600,2020-08-24 17:34:42.793
2020-02-05 22:00:00,8.866666666666667,7.388888888888888,9.084032340308855,6.876414617787021,10.0,5.7328278244346516,8.682536091111468,2.5027480509668183,1.3910555987785755,3.762342624266144,2.326909557128167,7.596945371587812,10.0,50.799681617717106,2020-02-05 23:11:11.988,2020-08-24 17:34:42.793
2020-02-06 22:00:00,8.866666666666667,7.388888888888888,9.091255282250637,6.876414617787021,10.0,5.7328278244346516,8.682536091111468,2.5027480509668183,1.3910555987785755,3.762342624266144,2.326909557128167,7.596945371587812,10.0,50.799681617717106,2020-02-06 23:15:21.917,2020-08-24 17:34:42.793
2020-02-07 22:00:00,8.866666666666667,7.388888888888888,9.098366511183565,6.876414617787021,10.0,5.7328278244346516,8.682536091111468,2.5027480509668183,1.3910555987785755,3.762342624266144,2.326909557128167,7.596945371587812,10.0,50.799681617717106,2020-02-08 00:00:00.000,2020-08-24 17:34:42.793
2020-02-10 22:00:00,8.866666666666667,7.388888888888888,9.105368557815645,6.876414617787021,10.0,5.7328278244346516,8.682536091111468,2.5027480509668183,1.3910555987785755,3.762342624266144,2.326909557128167,7.596945371587812,10.0,50.799681617717106,2020-02-10 23:05:56.863,2020-08-24 17:34:42.793
2020-02-11 22:00:00,8.866666666666667,7.388888888888888,9.112263878256742,6.876414617787021,10.0,5.7328278244346516,8.675289882895003,2.5027480509668183,1.3910555987785755,3.762342624266144,2.326909557128167,7.596945371587812,10.0,50.799681617717106,2020-02-11 23:06:25.128,2020-08-24 17:34:42.793
2020-02-12 22:00:00,8.866666666666667,7.388888888888888,9.119054856698485,6.876414617787021,10.0,5.7328278244346516,8.675289882895003,2.5027480509668183,1.3910555987785755,3.762342624266144,2.326909557128167,7.596945371587812,10.0,50.799681617717106,2020-02-12 23:02:07.154,2020-08-24 17:34:42.793
2020-02-13 22:00:00,8.866666666666667,7.388888888888888,9.125743807981683,6.876414617787021,10.0,5.7328278244346516,8.675289882895003,2.5027480509668183,1.3910555987785755,3.762342624266144,2.326909557128167,7.596945371587812,10.0,50.799681617717106,2020-02-13 22:57:11.259,2020-08-24 17:34:42.793
2020-02-14 22:00:00,8.866666666666667,7.388888888888888,9.132332980056656,6.876414617787021,10.0,5.7328278244346516,8.675289882895003,2.5027480509668183,1.3910555987785755,3.762342624266144,2.326909557128167,7.596945371587812,10.0,50.799681617717106,2020-02-15 00:00:00.000,2020-08-24 17:34:42.793
2020-02-17 22:00:00,8.866666666666667,7.388888888888888,9.138824556341447,6.876414617787021,10.0,5.7328278244346516,8.675289882895003,2.5027480509668183,1.3910555987785755,3.762342624266144,2.326909557128167,7.596945371587812,10.0,50.799681617717106,2020-02-17 23:18:37.435,2020-08-24 17:34:42.793
2020-02-18 22:00:00,8.866666666666667,7.388888888888888,9.145220657982842,6.876414617787021,10.0,5.7328278244346516,8.675289882895003,2.5027480509668183,1.3910555987785755,3.762342624266144,2.326909557128167,7.596945371587812,10.0,50.799681617717106,2020-02-18 23:11:13.072,2020-08-24 17:34:42.793
2020-02-19 22:00:00,8.866666666666667,7.388888888888888,9.151523346024645,6.876414617787021,10.0,5.7328278244346516,8.675289882895003,2.5027480509668183,1.3910555987785755,3.762342624266144,2.326909557128167,7.596945371587812,10.0,50.799681617717106,2020-02-19 23:00:27.801,2020-08-24 17:34:42.793
2020-02-20 22:00:00,8.866666666666667,7.388888888888888,9.157734623487592,6.876414617787021,10.0,5.7328278244346516,8.675289882895003,2.5027480509668183,1.3910555987785755,3.762342624266144,2.326909557128167,7.596945371587812,10.0,50.799681617717106,2020-02-20 23:01:57.096,2020-08-24 17:34:42.793
2020-02-21 22:00:00,8.866666666666667,7.388888888888888,9.16385643736498,6.876414617787021,10.0,5.7328278244346516,8.675289882895003,2.5027480509668183,1.3910555987785755,3.762342624266144,2.326909557128167,7.596945371587812,10.0,50.799681617717106,2020-02-22 00:00:00.000,2020-08-24 17:34:42.793
2020-02-24 22:00:00,8.866666666666667,7.388888888888888,9.169890680537863,6.876414617787021,10.0,5.7328278244346516,8.675289882895003,2.5027480509668183,1.3910555987785755,3.762342624266144,2.326909557128167,7.596945371587812,10.0,50.799681617717106,2020-02-25 00:00:00.000,2020-08-24 17:34:42.793
2020-02-25 22:00:00,8.866666666666667,7.388888888888888,9.175839193613543,6.876414617787021,10.0,5.7328278244346516,8.675289882895003,2.5027480509668183,1.3910555987785755,3.762342624266144,2.326909557128167,7.596945371587812,10.0,50.799681617717106,2020-02-26 00:00:00.000,2020-08-24 17:34:42.793
2020-02-26 22:00:00,8.866666666666667,7.388888888888888,9.181703766690806,6.876414617787021,10.0,5.7328278244346516,8.675289882895003,2.5027480509668183,1.3910555987785755,3.762342624266144,2.326909557128167,7.596945371587812,10.0,50.799681617717106,2020-02-27 00:00:00.000,2020-08-24 17:34:42.793
2020-02-27 22:00:00,8.866666666666667,7.388888888888888,9.187486141055311,6.876414617787021,10.0,5.7328278244346516,8.683157320768494,2.5027480509668183,1.3910555987785755,3.762342624266144,2.326909557128167,7.596945371587812,10.0,50.799681617717106,2020-02-28 00:00:00.000,2020-08-24 17:34:42.793
2020-02-28 22:00:00,8.866666666666667,7.388888888888888,9.193188010808136,6.876414617787021,10.0,5.7328278244346516,8.683157320768494,2.5027480509668183,1.3910555987785755,3.762342624266144,2.326909557128167,7.596945371587812,10.0,50.799681617717106,2020-02-29 00:00:00.000,2020-08-24 17:34:42.793
2020-03-02 22:00:00,8.866666666666667,7.388888888888888,9.198811024430645,6.876414617787021,10.0,5.7328278244346516,8.683157320768494,2.5027480509668183,1.3910555987785755,3.762342624266144,2.326909557128167,7.596945371587812,10.0,50.799681617717106,2020-03-03 00:00:00.000,2020-08-24 17:34:42.793
2020-03-03 22:00:00,8.866666666666667,7.388888888888888,9.211477598600238,6.917227650430047,9.98887647982156,5.777397601288563,8.694290237805559,2.5073209350201346,1.3910555987785755,3.7650509578977376,8.059313070992149,8.846351696275567,10.0,51.36719583170493,2020-03-03 23:01:04.620,2020-08-24 17:34:42.793
2020-03-04 22:00:00,8.933333333333334,7.4444444444444455,9.228158427295131,6.92810494497504,9.989456589818987,5.790639762791478,8.6993496318238,2.5337019650096924,1.3970727509085878,3.774831782496783,8.461942477861808,9.24252242444,10.0,51.53082305143728,2020-03-04 22:25:00.637,2020-08-24 17:34:42.793
2020-03-05 22:00:00,9.0,7.5,9.242292652987388,6.925743072411508,9.990061675760488,5.7908973998355435,8.689466116860213,2.5750020476078177,1.4866150716874982,3.8165379605426746,7.961960863094663,9.373016205798109,10.0,51.698242172220404,2020-03-05 22:29:31.569,2020-08-24 17:34:42.793
2020-03-06 22:00:00,9.066666666666666,7.5555555555555545,9.259398834032195,6.911163664022897,9.990662113411243,5.769004104290223,8.668886722382286,2.6451410423103723,1.6595638296009456,3.960334475270426,7.573999778989988,9.308589447360779,9.960295246471697,51.86351550046796,2020-03-07 00:00:00.000,2020-08-24 17:34:42.793
2020-03-09 21:00:00,9.133333333333333,7.611111111111112,9.27639012401402,6.892569512004813,9.990822051295252,5.778678212798554,8.67159850258861,2.647508782411812,1.6595638296009456,3.9645286383422946,6.215064136659143,8.625981358232263,9.02744313934499,52.021267343620394,2020-03-09 21:28:35.576,2020-08-24 17:34:42.793
2020-03-10 21:00:00,9.2,7.666666666666666,9.287896701963843,6.859363180798503,9.99203035996639,5.7071792544387865,8.659241104031459,2.676783293681911,1.734595597631028,4.006396062006268,4.5681295483171205,8.940271239651567,8.043805122053861,52.18107354798054,2020-03-10 21:33:22.518,2020-08-24 17:34:42.793
2020-03-11 21:00:00,9.266666666666667,7.722222222222222,9.296530221031093,6.810102864672447,9.992760270758088,5.650030246489695,8.618964515117419,2.7286428783265317,1.946728841759868,4.1237968676640815,4.964875823238534,9.28251340917784,7.652670850662833,52.34635135981594,2020-03-11 21:33:20.507,2020-08-24 17:34:42.793
2020-03-12 21:00:00,9.333333333333334,7.777777777777778,9.30211272793326,6.723531287631197,9.992745936822702,5.616709318633033,8.61224934983737,2.7332222859641164,1.9705715814966265,4.153801534808034,4.531182474206156,9.046758851102467,7.13878872302397,52.50651501495807,2020-03-12 21:31:53.923,2020-08-24 17:34:42.793
2020-03-13 21:00:00,9.4,7.833333333333334,9.300494063424901,6.610984399296718,9.993335982186093,5.561170437026108,8.652745453461323,2.6944389824133603,2.0012521255753657,4.192229488729902,5.253691098550398,9.773592153967481,6.919801178082026,52.681653576280176,2020-03-13 23:00:00.000,2020-08-24 17:34:42.793
2020-03-16 21:00:00,9.466666666666667,7.888888888888888,9.305701759132392,6.476243718663893,9.993305131915095,5.4810129781610195,8.657360263864891,2.70007405338618,2.0666340738916107,4.239154732948903,5.253691098550396,9.703888415607981,6.6675697984300655,52.85471376936782,2020-03-16 21:26:28.862,2020-08-24 17:34:42.793
2020-03-17 21:00:00,9.533333333333333,7.9444444444444455,9.298549250574233,6.337169510322517,9.993527871050528,5.458901131700836,8.646109112550464,2.6978213668557345,2.1448695535385145,4.297600535543584,5.4429114193008985,9.779186436219307,6.344943637018022,53.03113323499702,2020-03-17 21:32:44.991,2020-08-24 17:34:42.793
2020-03-18 21:00:00,9.6,8.0,9.287880134655634,6.208620755502009,9.993841451893967,5.409595833486065,8.616058088269748,2.6929759323150337,2.2080965053454187,4.3472598152177815,5.712889256840018,9.767307078920963,6.306167219348767,53.20818962731144,2020-03-18 21:37:16.167,2020-08-24 17:34:42.793
2020-03-19 21:00:00,9.666666666666666,8.055555555555555,9.28850646974746,6.081405251189214,9.994247902296161,5.455208960327883,8.561132189936924,2.6267812501995342,2.2168994380909472,4.448015178761072,5.569115740960593,9.930422086597968,6.2683617412762365,53.39030886941771,2020-03-19 21:29:45.350,2020-08-24 17:34:42.793
2020-03-20 21:00:00,9.733333333333333,8.11111111111111,9.29260958903558,5.891914903815594,9.994447455098033,5.457168308847456,8.526589111103988,2.621220767047899,2.2913089600790046,4.471132305158294,5.332915362093537,9.794509869179464,6.243000243998418,53.56955539148241,2020-03-20 23:00:00.000,2020-08-24 17:34:42.793
2020-03-23 21:00:00,9.8,8.166666666666668,9.295918424216758,5.703877148692249,9.994547180129787,5.474072625701858,8.517903689111144,2.6003794729009266,2.463327720192816,4.489956439188028,5.457429195474504,9.872415027306866,6.160889647732339,53.75098036538685,2020-03-23 21:32:32.996,2020-08-24 17:34:42.793
2020-03-24 21:00:00,9.866666666666667,8.222222222222221,9.29835100248987,5.703877148692249,9.994547180129787,5.475228135496653,8.517845673204109,2.5919007960747176,2.660315409821811,4.488284127853557,5.457429195474504,9.857604347652671,6.198144563389333,53.932856934675286,2020-03-24 21:36:16.675,2020-08-24 17:34:42.793
2020-03-25 21:00:00,9.866666666666667,8.222222222222221,9.301260870069914,5.4991174601668735,9.994479314519783,5.4282170323328085,8.511838010303752,2.58678054740807,2.671682263832195,4.504256791894387,5.457429195474505,9.858619916249847,6.211783328398253,54.11438923982347,2020-03-25 21:30:29.717,2020-08-24 17:34:42.793
2020-03-26 21:00:00,9.933333333333334,8.277777777777779,9.302033939891274,5.303410819736633,9.994591701903,5.3384993072173295,8.490044579932832,2.5741314829320228,2.8321012443430247,4.5812032276528765,5.394660501869434,9.814984816974434,6.20561145464991,54.294773604621525,2020-03-26 21:49:48.309,2020-08-24 17:34:42.793
2020-03-27 21:00:00,10.0,8.333333333333334,9.304695461698536,5.11875765810446,9.994571998425938,5.339205674312801,8.512563933914645,2.5606463154851014,2.8856983109823044,4.599877299179839,5.394660501869441,9.812751039780448,6.2342538659196,54.47397652207712,2020-03-27 23:00:00.000,2020-08-24 17:34:42.793
2020-03-30 21:00:00,10.009060346635296,8.340883622196081,9.307576582092867,4.940037085541928,9.994644263248741,5.2991950288677705,8.502224164932915,2.5499339930843985,2.894261849535289,4.64702843733056,5.3946605018694465,9.832694777662681,6.1879820304507085,54.65349299614944,2020-03-30 21:41:06.795,2020-08-24 17:34:42.793
2020-03-31 21:00:00,10.038423657726666,8.365353048105558,9.30729968543133,4.775398096630071,9.994822191771338,5.323730544166642,8.426550379421181,2.5374207473809447,2.9652542088189757,4.751954358454197,5.407473889752077,9.805358456880294,6.223663658603507,54.83334169598571,2020-03-31 21:44:59.496,2020-08-24 17:34:42.793
2020-04-01 21:00:00,10.074623304297408,8.39551942024784,9.307787595102283,4.620633127307695,9.995020320446972,5.174455823699752,8.375737672725029,2.4287683729046234,2.993949448715994,4.953364042851807,5.318257885406168,9.862069878058293,6.242392423043609,55.01485409131772,2020-04-01 21:45:34.466,2020-08-24 17:34:42.793
2020-04-02 21:00:00,10.119393791610355,8.432828159675296,9.30806141562698,4.451562308243169,9.995292486206543,5.088241501915725,8.333623335634028,2.451508634111556,2.9970968436545684,5.103054385520983,5.3182578854061635,9.880154015756462,6.285395644627342,55.19714641838697,2020-04-02 21:42:01.494,2020-08-24 17:34:42.793
2020-04-03 21:00:00,10.19137552661607,8.492812938846727,9.309331346039151,4.323224936763995,9.995357123657822,5.2007923221047525,8.357235501200277,2.4368925962188506,3.0848310902414604,5.2299671163089005,5.275092672249793,9.899149543778831,6.2373585573777195,55.38018498403483,2020-04-03 23:00:00.000,2020-08-24 17:34:42.793
2020-04-06 21:00:00,10.229785523245514,8.524821269371262,9.310590107889078,4.2307475751596435,9.995391173191873,5.225593528895958,8.331079735314304,2.4312718591272984,3.1255248601256387,5.270934499634539,5.275092672249782,9.896176239290774,6.224070377942655,55.56254571610796,2020-04-06 21:36:16.747,2020-08-24 17:34:42.793
2020-04-07 21:00:00,10.261089973992801,8.550908311660669,9.313719395046066,4.124368270457976,9.995390213840608,5.2079748929572816,8.348514617855724,2.4370219846884917,3.1216332898056844,5.2766681664440185,5.275092672249776,9.876975031664509,6.210122417670241,55.7431937269792,2020-04-07 21:38:08.642,2020-08-24 17:34:42.793
2020-04-08 21:00:00,10.303281181358967,8.586067651132472,9.317483965010616,4.0373150270070255,9.995459490161727,5.164197364943911,8.338298199989703,2.395105433013065,3.2219862035202986,5.359780658548544,5.275092672249776,9.894247253915443,6.2144777077432325,55.92496687538278,2020-04-08 21:34:03.114,2020-08-24 17:34:42.793
2020-04-09 21:00:00,10.355621971124092,8.629684975936744,9.319564700282406,3.9646894030951567,9.995450854848476,5.161811458700164,8.324413380494416,2.402987062673164,3.2782122100088875,5.372437600137231,5.275092672249781,9.941844629052461,6.221026997464797,56.10706517400318,2020-04-09 21:39:50.998,2020-08-24 17:34:42.793
2020-04-10 21:00:00,10.37854023964386,8.648783533036553,9.322866206037137,3.9646894030951567,9.995450854848476,5.162229670144656,8.324424636647908,2.402987062673164,3.2782122100088875,5.372437600137231,5.275092672249781,9.927088510394787,6.232241535404651,56.28971588645828,2020-04-10 23:00:00.000,2020-08-24 17:34:42.793
2020-04-13 21:00:00,10.37854023964386,8.648783533036553,9.32157481013731,3.960352921263004,9.995551638502496,5.158691186321882,8.309805030735662,2.4152702604727168,3.2393339521937365,5.356607691994874,5.275092672249773,9.916791692801942,6.244685442645839,56.47197802021785,2020-04-13 21:31:04.944,2020-08-24 17:34:42.793
2020-04-14 21:00:00,10.513307707499663,8.761089756249719,9.320412172532855,3.9458741393019223,9.995673947485146,4.9660220225649985,8.1684891282365,2.416942024159371,3.2621735339897766,5.326803056480063,5.2750926722498,9.885824576104485,6.2238900910295225,56.65348615939071,2020-04-14 21:30:10.097,2020-08-24 17:34:42.793
2020-04-15 21:00:00,10.616749107184887,8.847290922654075,9.320689799753232,3.9395719011850985,9.995618681247977,4.9132539302546006,8.172751812919554,2.4063863926243028,3.29299975943878,5.29787753925201,5.275092672249809,9.832967330585266,6.223818862185126,56.834558222111546,2020-04-15 21:33:45.334,2020-08-24 17:34:42.793
2020-04-16 21:00:00,10.649061461219354,8.874217884349463,9.323660672641301,3.9395719011850985,9.995618681247977,4.914114679302836,8.172885174661241,2.4063863926243028,3.29299975943878,5.29787753925201,5.275092672249809,9.876452056387741,6.230390036968815,57.01579246063018,2020-04-16 21:29:06.766,2020-08-24 17:34:42.793
2020-04-17 21:00:00,10.649061461219354,8.874217884349463,9.325749092269886,3.937286743014527,9.995624247526152,4.9706118640127706,8.126586115075959,2.4338037408273987,3.2847476102102737,5.295161388456208,5.2360931528117645,9.89338368223806,6.23039004944404,57.198582260535574,2020-04-17 23:00:00.000,2020-08-24 17:34:42.793
2020-04-20 21:00:00,10.741452738266931,8.951210615222443,9.325865027385401,3.9552683258246084,9.995644480909196,4.9651469730486415,8.061598625205345,2.4806103111550506,3.2652557124761845,5.37858978518852,5.294517234306227,9.894130599733368,6.204413291751928,57.38210834960115,2020-04-20 21:32:00.875,2020-08-24 17:34:42.793
2020-04-21 21:00:00,10.764019531249632,8.970016276041363,9.328478502775694,3.9793719631625373,9.995574196471084,4.9529581059042185,8.059719698810714,2.486611863343274,3.2620281702226364,5.38250173611437,5.2545327145077305,9.837661640141755,6.170988032868216,57.56624410845954,2020-04-21 21:29:38.249,2020-08-24 17:34:42.793
2020-04-22 21:00:00,10.787192696356405,8.98932724696367,9.33109104573203,4.007811480343719,9.995635909025207,4.956183124680104,8.07954662781768,2.496511686645204,3.2575295662832966,5.382732307309257,5.2545327145077385,9.851513977139687,6.170165152892606,57.75198585242006,2020-04-22 21:37:37.964,2020-08-24 17:34:42.793
2020-04-23 21:00:00,10.856684697208776,9.04723724767398,9.332943070135533,4.007811480343719,9.995635909025207,4.9673969363867645,8.021539247379687,2.4540392480483453,3.129542037479349,5.714027081309034,5.3238213533259335,9.848857634351232,6.143032934326728,57.93769394267505,2020-04-23 21:29:38.866,2020-08-24 17:34:42.793
2020-04-24 21:00:00,10.856684697208776,9.04723724767398,9.33678146330785,4.029969079468886,9.995653778050087,4.9353801656442045,8.031841566604152,2.4621863692858126,3.129542037479349,5.710988334134572,5.323821353325939,9.8337443843532,6.143032934326728,58.123301687794935,2020-04-24 23:00:00.000,2020-08-24 17:34:42.793
2020-04-27 21:00:00,10.876995638963725,9.06416303246977,9.337374096912182,4.0673069180192565,9.99568954066527,4.962794263612541,7.985177199488671,2.4705235054197003,3.113403211667836,5.7318778266304715,5.3238213533259096,9.83552530489826,6.110595572924742,58.30896248137337,2020-04-27 21:31:42.951,2020-08-24 17:34:42.793
2020-04-28 21:00:00,10.944614323241758,9.1205119360348,9.338554750446637,4.1004592600471295,9.995600696323457,4.955166095064893,7.975847927726001,2.458779116417817,3.1175659413768915,5.762685150111581,5.3238213533259335,9.829535293436006,6.002237484093225,58.495266493211936,2020-04-28 21:30:44.310,2020-08-24 17:34:42.793
2020-04-29 21:00:00,10.956067489776355,9.130056241480297,9.341716760491265,4.136471996775079,9.995575579112264,4.9320534925760215,7.986070679595272,2.467936568328371,3.1175659413768915,5.770932583798414,5.323821353325939,9.840240278859076,5.981542786621887,58.68215441965222,2020-04-29 21:33:42.809,2020-08-24 17:34:42.793
2020-04-30 21:00:00,10.963200484812837,9.136000404010698,9.345099522688072,4.172135667355451,9.995584874617938,4.918677210914304,7.9992292745329285,2.4733950430839555,3.12066765362426,5.778707745999691,5.323821353325939,9.837522001639057,5.9716339900606785,58.868929469436395,2020-04-30 21:29:10.358,2020-08-24 17:34:42.793
2020-05-01 21:00:00,10.972917147657668,9.144097623048056,9.348366572593392,4.204381364098957,9.995591736505334,4.905440715015784,8.009289547010232,2.487758176068924,3.12066765362426,5.78537490668726,5.294517234306229,9.835685198985862,5.959514709522207,59.05583332965668,2020-05-01 23:00:00.000,2020-08-24 17:34:42.793
2020-05-04 21:00:00,10.980380787679515,9.150317323066263,9.351638723252556,4.204381364098957,9.995591736505334,4.905641230937237,8.009369580159907,2.487758176068924,3.12066765362426,5.78537490668726,5.294517234306229,9.833778198864254,5.959046337246512,59.242660281132714,2020-05-04 21:33:25.237,2020-08-24 17:34:42.793
2020-05-05 21:00:00,10.980380787679515,9.150317323066263,9.354529589142864,4.242508025327445,9.995599585081774,4.911003518537102,8.009369580159907,2.4950352173554786,3.12066765362426,5.788611071089172,5.294517234306215,9.838450537381934,5.959046337246512,59.429607523169395,2020-05-05 21:34:49.142,2020-08-24 17:34:42.793
2020-05-06 21:00:00,10.988938951906858,9.157449126589047,9.357459819330977,4.2807041608796315,9.99561032890192,4.92764522148863,7.984239093682071,2.5296767287789788,3.12066765362426,5.801642089544593,5.2545327145077305,9.842599372956858,5.949940491105979,59.61686152202817,2020-05-06 21:31:04.405,2020-08-24 17:34:42.793
2020-05-07 21:00:00,11.0,9.166666666666668,9.359625101967078,4.317124678675903,9.995626004630568,4.882194650321998,7.982616972466701,2.5604404450273446,3.1274886168567493,5.823786344961669,5.2545327145077305,9.840121048624708,5.943621842489404,59.804343611320235,2020-05-07 21:40:50.425,2020-08-24 17:34:42.793
2020-05-08 21:00:00,11.018247419734015,9.181872849778346,9.362460478537665,4.3499846298032985,9.995599499020123,4.822095682317318,7.958384274329233,2.5732722939884773,3.1274886168567493,5.827659909252568,5.254532714507717,9.8419679354231,5.90554551199193,59.99196075239793,2020-05-08 23:00:00.000,2020-08-24 17:34:42.793
2020-05-11 21:00:00,11.021196743452,9.184330619543331,9.366067002251699,4.383114549327377,9.995615070024362,4.827477205683781,7.958421103742776,2.580556882129142,3.1274886168567493,5.828762681717661,5.2545327145077225,9.852085029010508,5.894297109217838,60.180099072666756,2020-05-11 21:32:02.714,2020-08-24 17:34:42.793
2020-05-12 21:00:00,11.048065447033368,9.20672120586114,9.368668697087944,4.383114549327377,9.995615070024362,4.8282553533142645,7.969260058711251,2.580556882129142,3.1274886168567493,5.828762681717661,5.2545327145077225,9.849618802766152,5.893725672960887,60.36835119360404,2020-05-12 21:28:20.995,2020-08-24 17:34:42.793
2020-05-13 21:00:00,11.048065447033368,9.20672120586114,9.37173614563654,4.414742532882856,9.995650081288142,4.815521735190131,7.966811444330503,2.5874212663854035,3.1357871451369714,5.831269960555153,5.254532714507731,9.831966879540095,5.893725672960887,60.556373746066534,2020-05-13 21:33:31.602,2020-08-24 17:34:42.793
2020-05-14 21:00:00,11.109411806239498,9.257843171866247,9.374951626561774,4.444222950523169,9.995690216397797,4.8172547743648035,7.939829631126522,2.5888706250157116,3.1372452969884317,5.835622008589871,5.2548348898971735,9.839314778340327,5.868206437007055,60.74483930870022,2020-05-14 21:34:56.328,2020-08-24 17:34:42.793
2020-05-15 21:00:00,11.180273299998861,9.316894416665717,9.375551924616275,4.4769338089080355,9.995703697220431,4.824673346599708,7.93490086883253,2.589118845401824,3.1385104884804718,5.844819909414425,5.264172950047038,9.815408138380814,5.8551462194385495,60.93270810369792,2020-05-15 23:00:00.000,2020-08-24 17:34:42.793
2020-05-18 21:00:00,11.242824850455868,9.369020708713226,9.3765070023296,4.509826622036974,9.995702839116863,4.814010104643559,7.929714731214397,2.591315454379926,3.149342412202245,5.841243860670905,5.264172950047041,9.807614450361894,5.819091546194392,61.12032185088869,2020-05-18 21:32:03.260,2020-08-24 17:34:42.793
2020-05-19 21:00:00,11.275667855515785,9.396389879596489,9.378849025221033,4.540948457984267,9.995682007549163,4.780032264506106,7.910026752615348,2.595348290646833,3.1512416330490107,5.864677171409887,5.264172950047043,9.80006494185184,5.8111417373321865,61.30805405355225,2020-05-19 21:36:17.285,2020-08-24 17:34:42.793
2020-05-20 21:00:00,11.275667855515785,9.396389879596489,9.381822005542093,4.573136424833918,9.995668214783779,4.780742778084097,7.9071380206381345,2.5895345986030622,3.1512416330490107,5.855443813731278,5.264172950047055,9.808371509556563,5.8111417373321865,61.4959115366025,2020-05-20 21:32:29.819,2020-08-24 17:34:42.793
2020-05-21 21:00:00,11.283519856686418,9.40293321390535,9.38557493538096,4.599904244901801,9.995696279804275,4.78714381927858,7.932222797690471,2.583823773116245,3.1512416330490107,5.846682982257072,5.264172950047055,9.79553165302992,5.817290662395393,61.68362174657016,2020-05-21 21:24:36.591,2020-08-24 17:34:42.793
2020-05-22 21:00:00,11.337962019601731,9.44830168300144,9.386115983190331,4.621669414288056,9.995742511094576,4.823090179658585,7.91053078525238,2.5875802509301185,3.167685483889662,5.820760023764863,5.264172950047049,9.760786415341883,5.8046983582230505,61.870418707460864,2020-05-22 23:00:00.000,2020-08-24 17:34:42.793
2020-05-25 21:00:00,11.431936919313753,9.526614099428127,9.38201726378216,4.6321207477525945,9.995769785519409,4.748195071611352,7.923644875836885,2.59003054488631,3.1829761693772847,5.805563836306591,5.264172950047026,9.734582477620007,5.7870635600385585,62.05637880925069,2020-05-25 21:31:50.698,2020-08-24 17:34:42.793
2020-05-26 21:00:00,11.5212239209101,9.60101993409175,9.379819035190325,4.642122201166448,9.99576612710181,4.709068657819183,7.903259383889191,2.598782229626149,3.2004606312777435,5.803868203901772,5.264172950047039,9.727625804804203,5.769937808312492,62.24253077677789,2020-05-26 21:22:46.927,2020-08-24 17:34:42.793
2020-05-27 21:00:00,11.581542740773957,9.651285617311633,9.382383134184934,4.6455679002514385,9.995757861782478,4.75127506901162,7.898441826122041,2.618823008174285,3.0106744462631863,5.888699969370582,5.652779502662875,9.753287822016793,5.758146649195632,62.430023868255795,2020-05-27 21:22:19.612,2020-08-24 17:34:42.793
2020-05-28 21:00:00,11.615660606239768,9.679717171866473,9.38453169592817,4.64740963286287,9.995724646387195,4.678712910205214,7.923192529749647,2.6157849213570343,3.0106744462631863,5.8861681122438885,5.652779502662875,9.748014633325633,5.733930722881137,62.618132174302644,2020-05-28 21:32:29.109,2020-08-24 17:34:42.793
2020-05-29 21:00:00,11.617948886918654,9.681624072432212,9.384841120081099,4.6444298283110355,9.995729305198788,4.693139312567063,7.905541618107094,2.604599023932389,3.0350268596445384,5.870819886679711,5.652779502662878,9.731008714244599,5.7165719573733496,62.80324148200258,2020-05-29 23:00:00.000,2020-08-24 17:34:42.793
2020-06-01 21:00:00,11.69156819918851,9.742973499323758,9.370834225252489,4.638491512745,9.995803367151797,4.706201037627176,7.898314659672363,2.6055655805164357,3.0350268596445384,5.8752469903348805,5.65277950266289,9.71950160290299,5.692502950622119,62.98645822999339,2020-06-01 21:30:35.493,2020-08-24 17:34:42.793
2020-06-02 21:00:00,11.814779644077387,9.845649703397825,9.366737964655687,4.623239693076392,9.995853718495699,4.688148467771535,7.881634845254299,2.6132938186411803,3.0583489437718017,5.891654435869272,5.652779502662869,9.726304822991745,5.676422457901634,63.16988018101348,2020-06-02 21:24:17.158,2020-08-24 17:34:42.793
2020-06-03 21:00:00,11.89068626251245,9.908905218760378,9.374567217847405,4.609961053468816,9.995860571057849,4.660582208043087,7.871457890113321,2.6248541514081936,3.0583489437718017,5.911064948385447,3.950788252042883,9.692995808479056,5.673330376840126,63.354816738893135,2020-06-03 21:34:50.587,2020-08-24 17:34:42.793
2020-06-04 21:00:00,11.90721178860897,9.922676490507476,9.388945682442943,4.5928805463457945,9.995916196853221,4.659544885708428,7.8884244293961,2.6233213086257607,3.0583489437718017,5.906947788565383,3.950788252042885,9.652465172335305,5.6781000487864866,63.54257823752448,2020-06-04 21:25:39.667,2020-08-24 17:34:42.793
2020-06-05 21:00:00,11.999059041373782,9.999215867811484,9.395268718273584,4.575647592904116,9.99594332716401,4.683667944260558,7.883107832263528,2.6364680974255124,3.0583489437718017,5.9178665953002545,3.1729128757508365,9.666614346888547,5.7044995908217215,63.729845673497636,2020-06-05 23:00:00.000,2020-08-24 17:34:42.793
2020-06-08 21:00:00,12.0,10.0,9.409356185040986,4.560507389598903,10.0,4.6844723647253295,7.887413141686032,2.655506361722304,3.0832352502468208,5.9447836377099375,3.3048202778054754,9.623436760398146,5.69167760040267,63.914777857539214,2020-06-08 21:34:36.908,2020-08-24 17:34:42.793
2020-06-09 21:00:00,12.042407352826451,10.0,9.429774724314948,4.5424613824588445,10.0,4.6706931774222245,7.892156575525787,2.655506361722304,3.1223866011171686,5.940257846370172,3.2324957831158585,9.54215784153142,5.732576263644635,64.0999592632098,2020-06-09 21:27:45.825,2020-08-24 17:34:42.793
2020-06-10 21:00:00,12.087282254560824,10.0,9.427153282064769,4.529381433004441,10.0,4.646509969889333,7.882318486658306,2.7153016491455917,3.182305190896877,6.005515527229044,3.2268581472056623,9.532762433462707,5.738481781169133,64.27567383031875,2020-06-10 21:24:51.546,2020-08-24 17:34:42.793
2020-06-11 21:00:00,12.118470967736418,10.0,9.43365449995111,4.515503107901261,10.0,4.628632922544592,7.806282765440469,2.718759375502482,3.172411256434281,5.984157047035711,3.181750882408683,9.317404739669916,5.768049557176979,64.4467195796272,2020-06-11 21:41:38.230,2020-08-24 17:34:42.793
2020-06-12 21:00:00,12.214738024730366,10.0,9.437051278130355,4.5000687630777225,10.0,4.612372427447023,7.80264052382478,2.7486900719571628,3.1872855746414435,5.912042333350986,5.631340258468474,9.39086080989136,6.049288890436926,64.61658938521279,2020-06-12 23:00:00.000,2020-08-24 17:34:42.793
2020-06-15 21:00:00,12.29950753782116,10.0,9.442448782379737,4.478721487318424,10.0,4.524967953333716,7.740065284727132,2.7899548600380037,3.1527816704616995,5.850295438718022,5.281503251625048,9.579754687933617,6.083083707271966,64.67060606747857,2020-06-15 21:38:55.955,2020-08-24 17:34:42.793
2020-06-16 21:00:00,12.4,10.0,9.44736226922133,4.456138741430941,10.0,4.4956063652851785,7.7311310872034005,2.8337426057577653,3.1315659315027453,5.84833182252622,4.4285619657425865,9.426288846371524,6.1985464234763255,62.61016755657224,2020-06-16 21:34:20.543,2020-08-24 17:34:42.793
2020-06-17 21:00:00,12.432796931949227,10.0,9.449856090050844,4.456138741430941,10.0,4.484667117045106,7.7157582343295825,2.8337426057577653,3.1315659315027453,5.84833182252622,4.4285619657425865,9.185231105429214,6.215739295773774,64.51545328051432,2020-06-17 21:34:37.305,2020-08-24 17:34:42.793
